<?xml version="1.0" encoding="UTF-8"?>
<extension type="component" version="3.2.0" method="upgrade">
	<name>Hello World!</name>
	<creationDate>December 2014</creationDate>
	<author>Krzysztof Chadynka</author>
	<authorEmail>krzysztof.chadynka@gmail.com</authorEmail>
	<version>1.0</version>
	
	<install>
		<sql>
			<file driver="mysql" charset="utf8">sql/install.mysql.utf8.sql</file>
		</sql>
	</install>
	<uninstall>
		<sql>
			<file driver="mysql" charset="utf8">sql/uninstall.mysql.utf8.sql</file>
		</sql>
	</uninstall>
	<update>
		<schemas>
			<schemapath type="mysql">sql/updates/mysql</schemapath>
		</schemas>
	</update>
	
	<files folder="site">
		<filename>index.html</filename>
		<filename>helloworld.php</filename>
		<filename>controller.php</filename>
		<folder>views</folder>
		<folder>models</folder>
	</files>
	
	<administration>
		<menu>Hello World!</menu>
		<files folder="admin">
			<filename>index.html</filename>
			<filename>helloworld.php</filename>
			<folder>sql</folder>
			<folder>tables</folder>
			<folder>models</folder>
		</files>
	</administration>
</extension>